{"cameraMode":{"drawMode":0,"name":"Shaded","section":"Shading Mode"},"sceneLighting":false,"audioPlay":false,"sceneViewState":{"showFog":true,"showMaterialUpdate":false,"showSkybox":false,"showFlares":true,"showImageEffects":true,"showParticleSystems":true},"in2DMode":false,"pivot":{"x":-17.691650390625,"y":87.7257080078125,"z":3.1897029876708986},"rotation":{"x":-0.04784272238612175,"y":0.8815576434135437,"z":0.0915708914399147,"w":0.4606418311595917},"size":259.8978576660156,"orthographic":false}