{"cameraMode":{"drawMode":0,"name":"Shaded","section":"Shading Mode"},"sceneLighting":true,"audioPlay":false,"sceneViewState":{"showFog":true,"showMaterialUpdate":true,"showSkybox":true,"showFlares":true,"showImageEffects":true,"showParticleSystems":true},"in2DMode":false,"pivot":{"x":14.766624450683594,"y":-4.38383674621582,"z":-0.16817283630371095},"rotation":{"x":-0.17350050806999207,"y":-0.5749452710151672,"z":0.12634389102458955,"w":-0.789544939994812},"size":30.2699031829834,"orthographic":false}